{
    "name": "外部火焰加热器",
    "icon": "naturesaura:furnace_heater",
    "category": "using",
    "advancement": "naturesaura:infused_materials",
    "pages": [
        {
            "type": "text",
            "text": "某种情况下，人们会意识到$(item)熔炉$()的速度太慢，而且会消耗资源，无法有效地使用。$(br)$(item)外部火焰加热器$()可以加速其所附着的$(item)熔炉$()，给它熔炼任何材料的必要热能。需要注意的是，既然此过程会消耗$(#419600)灵气$()，自然等级可能会降到负值，造成$(l:intro/aura)回报减少$()."
        },
        {
            "type": "naturesaura:tree_ritual",
            "text": "通过$(l:practices/tree_ritual)森林仪式$()创造$(item)外部火焰加热器$()",
            "recipe": "naturesaura:furnace_heater"
        }
    ]
}
